<?xml version="1.0"?>

<PropertyList>

	<path>fuel-indicator.ac</path>

<animation>
 <type>material</type>
 <object-name>feeder-scale</object-name>
 <object-name>Overall-scale</object-name>
 <object-name>face</object-name>
 <emission>
  <red>0.8</red>
  <green>0.8</green>
  <blue>0.8</blue>
  
 </emission>
</animation>


 <animation>
  <type>textranslate</type>
  <object-name>Overall-scale</object-name>
  <property>consumables/fuel/total-fuel-kg</property>
  <factor>0.0000397</factor>
  <axis>
   <x> 0</x>
   <y>-1</y>
   <z> 0</z>
  </axis>
 </animation>

 <animation>
  <type>textranslate</type>
  <object-name>feeder-scale</object-name>
  <property>consumables/fuel/tank[1]/level-kg</property>
  <factor>0.0000360</factor>
  <axis>
   <x> 0</x>
   <y>-1</y>
   <z> 0</z>
  </axis>
 </animation>
 
 	<animation>
	 <type>select</type> 
	 <object-name>Tnk41-led</object-name>
	 <condition>
		 <and>
	   <less-than>
		   <property>consumables/fuel/tank[0]/level-kg</property>
		   <value>1</value>
	   </less-than>
	   <less-than>
		   <property>consumables/fuel/tank[4]/level-kg</property>
		   <value>1</value>
	   </less-than>
		 </and>
	 </condition>
	</animation>
	
	<animation>
	 <type>material</type> 
	 <object-name>Tnk41-led</object-name>
	 <condition>
		 <and>
	   <less-than>
		   <property>consumables/fuel/tank[0]/level-kg</property>
		   <value>1</value>
	   </less-than>
	   <less-than>
		   <property>consumables/fuel/tank[4]/level-kg</property>
		   <value>1</value>
	   </less-than>
		 </and>
	 </condition>
	 <emission>	
	  <red>0.8</red>	
	  <green>0.8</green>	
	  <blue>0.8</blue>
	 </emission>
	</animation>
	
 	<animation>
	 <type>select</type> 
	 <object-name>Tnk3-led</object-name>
	 <condition>
		 <and>
	   <less-than>
		   <property>consumables/fuel/tank[2]/level-kg</property>
		   <value>1</value>
	   </less-than>
	   <less-than>
		   <property>consumables/fuel/tank[3]/level-kg</property>
		   <value>1</value>
	   </less-than>
		 </and>
	 </condition>
	</animation>

	<animation>
	 <type>material</type> 
	 <object-name>Tnk3-led</object-name>
	 <condition>
		 <and>
	   <less-than>
		   <property>consumables/fuel/tank[2]/level-kg</property>
		   <value>1</value>
	   </less-than>
	   <less-than>
		   <property>consumables/fuel/tank[3]/level-kg</property>
		   <value>1</value>
	   </less-than>
		 </and>
	 </condition>
	 <emission>	
	  <red>0.8</red>	
	  <green>0.8</green>	
	  <blue>0.8</blue>
	 </emission>
	</animation>
	
 	<animation>
	 <type>select</type> 
	 <object-name>Tnk15-led</object-name>
	 <condition>
	   <less-than>
		   <property>consumables/fuel/total-fuel-kg</property>
		   <value>1500</value>
	   </less-than>
	 </condition>
	</animation>

	<animation>
	 <type>material</type> 
	 <object-name>Tnk15-led</object-name>
	 <condition>
	   <less-than>
		   <property>consumables/fuel/total-fuel-kg</property>
		   <value>1500</value>
	   </less-than>
	 </condition>
	 <emission>	
	  <red>0.8</red>	
	  <green>0.8</green>	
	  <blue>0.8</blue>
	 </emission>
	</animation>
	
 	<animation>
	 <type>select</type> 
	 <object-name>Tnk5-led</object-name>
	 <condition>
	   <less-than>
		   <property>consumables/fuel/total-fuel-kg</property>
		   <value>850</value>
	   </less-than>
	 </condition>
	</animation>

	<animation>
	 <type>material</type> 
	 <object-name>Tnk5-led</object-name>
	 <condition>
	   <less-than>
		   <property>consumables/fuel/total-fuel-kg</property>
		   <value>850</value>
	   </less-than>
	 </condition>
	 <emission>	
	  <red>0.8</red>	
	  <green>0.8</green>	
	  <blue>0.8</blue>
	 </emission>
	</animation>
	
 	<animation>
	 <type>select</type> 
	 <object-name>Bingo-fuel-Led</object-name>
	 <condition>
	   <less-than>
		   <property>consumables/fuel/total-fuel-kg</property>
		   <value>600</value>
	   </less-than>
	 </condition>
	</animation>

	<animation>
	 <type>material</type> 
	 <object-name>Bingo-fuel-Led</object-name>
	 <condition>
	   <less-than>
		   <property>consumables/fuel/total-fuel-kg</property>
		   <value>600</value>
	   </less-than>
	 </condition>
	 <emission>	
	  <red>1.0</red>	
	  <green>0.8</green>	
	  <blue>0.8</blue>
	 </emission>
	</animation>
</PropertyList>
