<?xml version="1.0"?>

<PropertyList>

<enable3d>true</enable3d>



<ladder>
<name>Pitch Ladder</name>
<type>pitch</type>
<x>-23</x>
<y>-330</y>
<width>48</width>
<height>600</height>
<roll-input>
<property>/orientation/roll-deg</property>
</roll-input>
<pitch-input>
<property>/orientation/pitch-deg</property>
</pitch-input>
<compression-factor>7.8</compression-factor>

<screen-hole>10</screen-hole>
<zero-bar-overlength>15</zero-bar-overlength>
<enable-dive-bar-angle>0</enable-dive-bar-angle>
<enable-dynamic-origin>0</enable-dynamic-origin>
<enable-fuselage-ref-line>0</enable-fuselage-ref-line>
<enable-target-spot>true</enable-target-spot>
<enable-target-markers>true</enable-target-markers>
<enable-velocity-vector>0</enable-velocity-vector>
<enable-drift-marker>0</enable-drift-marker>
<enable-alpha-bracket>0</enable-alpha-bracket>
<enable-energy-marker>0</enable-energy-marker>
<enable-climb-dive-marker>0</enable-climb-dive-marker>
<enable-glide-slope-marker>0</enable-glide-slope-marker>
<glide-slope>0.0</glide-slope>
<enable-energy-worm>0</enable-energy-worm>
<enable-waypoint-marker>1</enable-waypoint-marker>
</ladder>


</PropertyList>
